{"id":0,"type":3,"group":15,"configuration":"{\"movementType\":1,\"trajectoryType\":0,\"trajectoryPlane\":0,\"trajectoryDirections\":[0,0],\"configurations\":[\"{\\\"handPosition\\\":{\\\"x\\\":6.570676803588867,\\\"y\\\":13.536828994750977,\\\"z\\\":-4.320764064788818},\\\"handRotation\\\":{\\\"x\\\":24.070476531982423,\\\"y\\\":311.0224609375,\\\"z\\\":215.0047607421875}}\",\"{\\\"handPosition\\\":{\\\"x\\\":6.570530414581299,\\\"y\\\":16.406118392944337,\\\"z\\\":-4.320771217346191},\\\"handRotation\\\":{\\\"x\\\":24.070476531982423,\\\"y\\\":311.0224609375,\\\"z\\\":215.0047607421875}}\"]}"}