{"id":"475CCW90WallDouble","type":3,"group":15,"configuration":"{\"movementType\":1,\"trajectoryType\":0,\"trajectoryPlane\":0,\"trajectoryDirections\":[1,1,1,1,0],\"configurations\":[\"{\\\"handPosition\\\":{\\\"x\\\":2.3370869159698488,\\\"y\\\":15.356128692626954,\\\"z\\\":-2.2314021587371828},\\\"handRotation\\\":{\\\"x\\\":18.984691619873048,\\\"y\\\":305.7479248046875,\\\"z\\\":273.0670166015625}}\",\"{\\\"handPosition\\\":{\\\"x\\\":6.454610347747803,\\\"y\\\":15.520401000976563,\\\"z\\\":-0.818327009677887},\\\"handRotation\\\":{\\\"x\\\":18.984691619873048,\\\"y\\\":305.7479248046875,\\\"z\\\":273.0670166015625}}\",\"{\\\"handPosition\\\":{\\\"x\\\":2.3370869159698488,\\\"y\\\":15.356128692626954,\\\"z\\\":-2.2314021587371828},\\\"handRotation\\\":{\\\"x\\\":18.984691619873048,\\\"y\\\":305.7479248046875,\\\"z\\\":273.0670166015625}}\",\"{\\\"handPosition\\\":{\\\"x\\\":6.454610347747803,\\\"y\\\":15.520401000976563,\\\"z\\\":-0.818327009677887},\\\"handRotation\\\":{\\\"x\\\":18.984691619873048,\\\"y\\\":305.7479248046875,\\\"z\\\":273.0670166015625}}\",\"{\\\"handPosition\\\":{\\\"x\\\":2.3370869159698488,\\\"y\\\":15.356128692626954,\\\"z\\\":-2.2314021587371828},\\\"handRotation\\\":{\\\"x\\\":18.984691619873048,\\\"y\\\":305.7479248046875,\\\"z\\\":273.0670166015625}}\"]}"}