{"id":"475CCW0WallPlane","type":3,"group":15,"configuration":"{\"movementType\":1,\"trajectoryType\":0,\"trajectoryPlane\":0,\"trajectoryDirections\":[1,1,1,1,0],\"configurations\":[\"{\\\"handPosition\\\":{\\\"x\\\":2.632160186767578,\\\"y\\\":15.788713455200196,\\\"z\\\":-2.4076178073883058},\\\"handRotation\\\":{\\\"x\\\":352.1455993652344,\\\"y\\\":228.00338745117188,\\\"z\\\":281.5498046875}}\",\"{\\\"handPosition\\\":{\\\"x\\\":3.8231208324432375,\\\"y\\\":14.187047958374024,\\\"z\\\":-2.4007210731506349},\\\"handRotation\\\":{\\\"x\\\":352.1455993652344,\\\"y\\\":228.00338745117188,\\\"z\\\":281.5498046875}}\",\"{\\\"handPosition\\\":{\\\"x\\\":2.632160186767578,\\\"y\\\":15.788713455200196,\\\"z\\\":-2.4076178073883058},\\\"handRotation\\\":{\\\"x\\\":352.1455993652344,\\\"y\\\":228.00338745117188,\\\"z\\\":281.5498046875}}\",\"{\\\"handPosition\\\":{\\\"x\\\":3.8231208324432375,\\\"y\\\":14.187047958374024,\\\"z\\\":-2.4007210731506349},\\\"handRotation\\\":{\\\"x\\\":352.1455993652344,\\\"y\\\":228.00338745117188,\\\"z\\\":281.5498046875}}\",\"{\\\"handPosition\\\":{\\\"x\\\":2.632160186767578,\\\"y\\\":15.788713455200196,\\\"z\\\":-2.4076178073883058},\\\"handRotation\\\":{\\\"x\\\":352.1455993652344,\\\"y\\\":228.00338745117188,\\\"z\\\":281.5498046875}}\"]}"}