{"id":"481CW0WallDouble","type":3,"group":15,"configuration":"{\"movementType\":1,\"trajectoryType\":0,\"trajectoryPlane\":2,\"trajectoryDirections\":[0,0,0,0,0],\"configurations\":[\"{\\\"handPosition\\\":{\\\"x\\\":2.9042253494262697,\\\"y\\\":17.546855926513673,\\\"z\\\":-1.0359152555465699},\\\"handRotation\\\":{\\\"x\\\":0.9395107626914978,\\\"y\\\":253.76846313476563,\\\"z\\\":245.79571533203126}}\",\"{\\\"handPosition\\\":{\\\"x\\\":2.8691914081573488,\\\"y\\\":14.79527759552002,\\\"z\\\":-1.2798116207122803},\\\"handRotation\\\":{\\\"x\\\":0.9395107626914978,\\\"y\\\":253.76846313476563,\\\"z\\\":245.79571533203126}}\",\"{\\\"handPosition\\\":{\\\"x\\\":2.9042253494262697,\\\"y\\\":17.546855926513673,\\\"z\\\":-1.0359152555465699},\\\"handRotation\\\":{\\\"x\\\":0.9395107626914978,\\\"y\\\":253.76846313476563,\\\"z\\\":245.79571533203126}}\",\"{\\\"handPosition\\\":{\\\"x\\\":2.8691914081573488,\\\"y\\\":14.79527759552002,\\\"z\\\":-1.2798116207122803},\\\"handRotation\\\":{\\\"x\\\":0.9395107626914978,\\\"y\\\":253.76846313476563,\\\"z\\\":245.79571533203126}}\",\"{\\\"handPosition\\\":{\\\"x\\\":2.9042253494262697,\\\"y\\\":17.546855926513673,\\\"z\\\":-1.0359152555465699},\\\"handRotation\\\":{\\\"x\\\":0.9395107626914978,\\\"y\\\":253.76846313476563,\\\"z\\\":245.79571533203126}}\"]}"}