{"id":"481CW180WallDouble","type":3,"group":15,"configuration":"{\"movementType\":1,\"trajectoryType\":0,\"trajectoryPlane\":2,\"trajectoryDirections\":[0,0,0,0,0],\"configurations\":[\"{\\\"handPosition\\\":{\\\"x\\\":2.8691914081573488,\\\"y\\\":14.79527759552002,\\\"z\\\":-1.2798116207122803},\\\"handRotation\\\":{\\\"x\\\":0.9395107626914978,\\\"y\\\":253.76846313476563,\\\"z\\\":245.79571533203126}}\",\"{\\\"handPosition\\\":{\\\"x\\\":2.8751730918884279,\\\"y\\\":17.62899398803711,\\\"z\\\":-1.2391921281814576},\\\"handRotation\\\":{\\\"x\\\":0.9395107626914978,\\\"y\\\":253.76846313476563,\\\"z\\\":245.79571533203126}}\",\"{\\\"handPosition\\\":{\\\"x\\\":2.8691914081573488,\\\"y\\\":14.79527759552002,\\\"z\\\":-1.2798116207122803},\\\"handRotation\\\":{\\\"x\\\":0.9395107626914978,\\\"y\\\":253.76846313476563,\\\"z\\\":245.79571533203126}}\",\"{\\\"handPosition\\\":{\\\"x\\\":2.8751730918884279,\\\"y\\\":17.62899398803711,\\\"z\\\":-1.2391921281814576},\\\"handRotation\\\":{\\\"x\\\":0.9395107626914978,\\\"y\\\":253.76846313476563,\\\"z\\\":245.79571533203126}}\",\"{\\\"handPosition\\\":{\\\"x\\\":2.8691914081573488,\\\"y\\\":14.79527759552002,\\\"z\\\":-1.2798116207122803},\\\"handRotation\\\":{\\\"x\\\":0.9395107626914978,\\\"y\\\":253.76846313476563,\\\"z\\\":245.79571533203126}}\"]}"}