{"id":"486CW0WallDouble","type":3,"group":15,"configuration":"{\"movementType\":1,\"trajectoryType\":0,\"trajectoryPlane\":0,\"trajectoryDirections\":[0,0,0,0,0],\"configurations\":[\"{\\\"handPosition\\\":{\\\"x\\\":3.1064884662628176,\\\"y\\\":18.71334457397461,\\\"z\\\":-0.934794545173645},\\\"handRotation\\\":{\\\"x\\\":21.277286529541017,\\\"y\\\":243.77610778808595,\\\"z\\\":279.8971252441406}}\",\"{\\\"handPosition\\\":{\\\"x\\\":3.1064884662628176,\\\"y\\\":18.71334457397461,\\\"z\\\":-0.934794545173645},\\\"handRotation\\\":{\\\"x\\\":37.930381774902347,\\\"y\\\":189.0381317138672,\\\"z\\\":251.56057739257813}}\",\"{\\\"handPosition\\\":{\\\"x\\\":3.1064884662628176,\\\"y\\\":18.71334457397461,\\\"z\\\":-0.934794545173645},\\\"handRotation\\\":{\\\"x\\\":21.277286529541017,\\\"y\\\":243.77610778808595,\\\"z\\\":279.8971252441406}}\",\"{\\\"handPosition\\\":{\\\"x\\\":3.1064884662628176,\\\"y\\\":18.71334457397461,\\\"z\\\":-0.934794545173645},\\\"handRotation\\\":{\\\"x\\\":37.930381774902347,\\\"y\\\":189.0381317138672,\\\"z\\\":251.56057739257813}}\",\"{\\\"handPosition\\\":{\\\"x\\\":3.1064884662628176,\\\"y\\\":18.71334457397461,\\\"z\\\":-0.934794545173645},\\\"handRotation\\\":{\\\"x\\\":21.277286529541017,\\\"y\\\":243.77610778808595,\\\"z\\\":279.8971252441406}}\"]}"}