{"id":0,"type":3,"group":24,"configuration":"{\"type\":2,\"configurations\":[\"{\\\"headPosition\\\":{\\\"x\\\":-0.11906982213258743,\\\"y\\\":19.801715850830079,\\\"z\\\":-5.363654613494873},\\\"headRotation\\\":{\\\"x\\\":-0.000016648586097289808,\\\"y\\\":1.4509989654243327e-8,\\\"z\\\":2.720133451816764e-8}}\",\"{\\\"headPosition\\\":{\\\"x\\\":-0.1459313929080963,\\\"y\\\":19.717966079711915,\\\"z\\\":-5.243902206420898},\\\"headRotation\\\":{\\\"x\\\":3.751197099685669,\\\"y\\\":0.22447077929973603,\\\"z\\\":0.9832949638366699}}\",\"{\\\"headPosition\\\":{\\\"x\\\":-0.20341771841049195,\\\"y\\\":19.596460342407228,\\\"z\\\":-4.960456371307373},\\\"headRotation\\\":{\\\"x\\\":15.343955039978028,\\\"y\\\":1.2161704301834107,\\\"z\\\":3.760416269302368}}\",\"{\\\"headPosition\\\":{\\\"x\\\":-0.1089220941066742,\\\"y\\\":19.882829666137697,\\\"z\\\":-5.402249336242676},\\\"headRotation\\\":{\\\"x\\\":359.3387756347656,\\\"y\\\":359.9427490234375,\\\"z\\\":359.70257568359377}}\"]}"}