{"id":0,"type":3,"group":24,"configuration":"{\"type\":2,\"configurations\":[\"{\\\"headPosition\\\":{\\\"x\\\":0.7892653346061707,\\\"y\\\":19.760290145874025,\\\"z\\\":-5.332732677459717},\\\"headRotation\\\":{\\\"x\\\":359.640869140625,\\\"y\\\":355.3963317871094,\\\"z\\\":336.6136169433594}}\",\"{\\\"headPosition\\\":{\\\"x\\\":-0.16057392954826356,\\\"y\\\":19.884199142456056,\\\"z\\\":-5.351252555847168},\\\"headRotation\\\":{\\\"x\\\":0.8426980972290039,\\\"y\\\":0.24992391467094422,\\\"z\\\":1.2247141599655152}}\",\"{\\\"headPosition\\\":{\\\"x\\\":-0.6540732383728027,\\\"y\\\":19.882537841796876,\\\"z\\\":-5.318933010101318},\\\"headRotation\\\":{\\\"x\\\":1.2643024921417237,\\\"y\\\":3.030174732208252,\\\"z\\\":14.5087308883667}}\",\"{\\\"headPosition\\\":{\\\"x\\\":-1.4354186058044434,\\\"y\\\":19.84115982055664,\\\"z\\\":-5.255364418029785},\\\"headRotation\\\":{\\\"x\\\":1.0548490285873414,\\\"y\\\":5.759766578674316,\\\"z\\\":27.441062927246095}}\"]}"}