{"id":2,"type":3,"group":24,"configuration":"{\"type\":2,\"configurations\":[\"{\\\"headPosition\\\":{\\\"x\\\":-0.11906982213258743,\\\"y\\\":19.801715850830079,\\\"z\\\":-5.363654613494873},\\\"headRotation\\\":{\\\"x\\\":-0.000016648586097289808,\\\"y\\\":-4.620750657102768e-11,\\\"z\\\":3.176039292673849e-11}}\"]}"}