{"id":5,"type":3,"group":24,"configuration":"{\"movementType\":2,\"trajectoryType\":1,\"trajectoryPlane\":0,\"trajectoryDirections\":[],\"configurations\":[\"{\\\"headPosition\\\":{\\\"x\\\":-0.20266014337539674,\\\"y\\\":19.803592681884767,\\\"z\\\":-5.327773571014404},\\\"headRotation\\\":{\\\"x\\\":0.351571261882782,\\\"y\\\":62.00213623046875,\\\"z\\\":0.7204276323318481}}\",\"{\\\"headPosition\\\":{\\\"x\\\":-0.030672438442707063,\\\"y\\\":19.803546905517579,\\\"z\\\":-5.324826240539551},\\\"headRotation\\\":{\\\"x\\\":0.29888495802879336,\\\"y\\\":293.9984130859375,\\\"z\\\":359.2555847167969}}\",\"{\\\"headPosition\\\":{\\\"x\\\":-0.21446335315704347,\\\"y\\\":19.803478240966798,\\\"z\\\":-5.319955825805664},\\\"headRotation\\\":{\\\"x\\\":0.21822388470172883,\\\"y\\\":72.00139617919922,\\\"z\\\":0.7742536664009094}}\"]}"}