{"id":0,"type":3,"group":18,"configuration":"{\"movementType\":1,\"trajectoryType\":0,\"trajectoryPlane\":0,\"trajectoryDirections\":[0,0],\"configurations\":[\"{\\\"handPosition\\\":{\\\"x\\\":5.1987786293029789,\\\"y\\\":12.769243240356446,\\\"z\\\":-4.320764064788818},\\\"handRotation\\\":{\\\"x\\\":24.070476531982423,\\\"y\\\":311.0224609375,\\\"z\\\":215.0047607421875}}\",\"{\\\"handPosition\\\":{\\\"x\\\":4.430047512054443,\\\"y\\\":17.300884246826173,\\\"z\\\":-4.324655532836914},\\\"handRotation\\\":{\\\"x\\\":24.070476531982423,\\\"y\\\":311.0224609375,\\\"z\\\":215.0047607421875}}\"]}"}