{"id":72,"type":3,"group":18,"configuration":"{\"movementType\":1,\"trajectoryType\":0,\"trajectoryPlane\":2,\"trajectoryDirections\":[0,0],\"configurations\":[\"{\\\"handPosition\\\":{\\\"x\\\":4.108150005340576,\\\"y\\\":15.605525016784668,\\\"z\\\":-1.2009965181350709},\\\"handRotation\\\":{\\\"x\\\":14.106002807617188,\\\"y\\\":258.80340576171877,\\\"z\\\":266.3263854980469}}\",\"{\\\"handPosition\\\":{\\\"x\\\":3.8714711666107179,\\\"y\\\":18.28975486755371,\\\"z\\\":-0.5438089966773987},\\\"handRotation\\\":{\\\"x\\\":14.106002807617188,\\\"y\\\":258.80340576171877,\\\"z\\\":266.3263854980469}}\"]}"}