{"id":73,"type":3,"group":18,"configuration":"{\"movementType\":1,\"trajectoryType\":0,\"trajectoryPlane\":1,\"trajectoryDirections\":[0,0],\"configurations\":[\"{\\\"handPosition\\\":{\\\"x\\\":5.505824089050293,\\\"y\\\":14.180463790893555,\\\"z\\\":-0.31348752975463869},\\\"handRotation\\\":{\\\"x\\\":14.106002807617188,\\\"y\\\":258.80340576171877,\\\"z\\\":266.3263854980469}}\",\"{\\\"handPosition\\\":{\\\"x\\\":-1.1234527826309205,\\\"y\\\":14.21825122833252,\\\"z\\\":-1.1418527364730836},\\\"handRotation\\\":{\\\"x\\\":14.106002807617188,\\\"y\\\":258.80340576171877,\\\"z\\\":266.3263854980469}}\"]}"}