{"id":"484CW0FloorDouble","type":3,"group":18,"configuration":"{\"movementType\":1,\"trajectoryType\":0,\"trajectoryPlane\":1,\"trajectoryDirections\":[0,0,0,0,0],\"configurations\":[\"{\\\"handPosition\\\":{\\\"x\\\":3.9277682304382326,\\\"y\\\":15.473810195922852,\\\"z\\\":0.09354642778635025},\\\"handRotation\\\":{\\\"x\\\":18.98470115661621,\\\"y\\\":305.7479248046875,\\\"z\\\":202.0670166015625}}\",\"{\\\"handPosition\\\":{\\\"x\\\":3.758835554122925,\\\"y\\\":14.898859977722168,\\\"z\\\":-3.393035650253296},\\\"handRotation\\\":{\\\"x\\\":18.98470115661621,\\\"y\\\":305.7479248046875,\\\"z\\\":202.0670166015625}}\",\"{\\\"handPosition\\\":{\\\"x\\\":3.9277682304382326,\\\"y\\\":15.473810195922852,\\\"z\\\":0.09354642778635025},\\\"handRotation\\\":{\\\"x\\\":18.98470115661621,\\\"y\\\":305.7479248046875,\\\"z\\\":202.0670166015625}}\",\"{\\\"handPosition\\\":{\\\"x\\\":3.758835554122925,\\\"y\\\":14.898859977722168,\\\"z\\\":-3.393035650253296},\\\"handRotation\\\":{\\\"x\\\":18.98470115661621,\\\"y\\\":305.7479248046875,\\\"z\\\":202.0670166015625}}\",\"{\\\"handPosition\\\":{\\\"x\\\":3.9277682304382326,\\\"y\\\":15.473810195922852,\\\"z\\\":0.09354642778635025},\\\"handRotation\\\":{\\\"x\\\":18.98470115661621,\\\"y\\\":305.7479248046875,\\\"z\\\":202.0670166015625}}\"]}"}