{"id":558,"type":3,"group":18,"configuration":"{\"movementType\":1,\"trajectoryType\":0,\"trajectoryPlane\":0,\"trajectoryDirections\":[0,1,0],\"configurations\":[\"{\\\"handPosition\\\":{\\\"x\\\":4.23964786529541,\\\"y\\\":14.05102825164795,\\\"z\\\":0.27670010924339297},\\\"handRotation\\\":{\\\"x\\\":24.070476531982423,\\\"y\\\":311.0224609375,\\\"z\\\":215.0047607421875}}\",\"{\\\"handPosition\\\":{\\\"x\\\":3.392371416091919,\\\"y\\\":17.103166580200197,\\\"z\\\":0.1617361158132553},\\\"handRotation\\\":{\\\"x\\\":24.070476531982423,\\\"y\\\":311.0224609375,\\\"z\\\":215.0047607421875}}\",\"{\\\"handPosition\\\":{\\\"x\\\":3.2547221183776857,\\\"y\\\":19.989643096923829,\\\"z\\\":0.20534832775592805},\\\"handRotation\\\":{\\\"x\\\":24.070476531982423,\\\"y\\\":311.0224609375,\\\"z\\\":215.0047607421875}}\"]}"}