{"id":701,"type":3,"group":18,"configuration":"{\"movementType\":1,\"trajectoryType\":0,\"trajectoryPlane\":0,\"trajectoryDirections\":[0,0],\"configurations\":[\"{\\\"handPosition\\\":{\\\"x\\\":4.626061916351318,\\\"y\\\":14.076400756835938,\\\"z\\\":-1.3847291469573975},\\\"handRotation\\\":{\\\"x\\\":2.9237325191497804,\\\"y\\\":290.6769104003906,\\\"z\\\":242.612548828125}}\",\"{\\\"handPosition\\\":{\\\"x\\\":3.241034984588623,\\\"y\\\":17.603696823120118,\\\"z\\\":0.05445726588368416},\\\"handRotation\\\":{\\\"x\\\":2.9237308502197267,\\\"y\\\":290.6769104003906,\\\"z\\\":277.6125183105469}}\"]}"}