{"id":0,"type":2,"group":26,"configuration":"{\"rightShoulderPosition\":{\"x\":2.7766306400299074,\"y\":17.940105438232423,\"z\":-5.139555931091309},\"leftShoulderPosition\":{\"x\":-3.0615744590759279,\"y\":17.574237823486329,\"z\":-5.257050037384033},\"spinePosition\":{\"x\":-0.17246755957603455,\"y\":12.809370040893555,\"z\":-4.914445877075195}}"}