{"id":1,"type":2,"group":26,"configuration":"{\"rightShoulderPosition\":{\"x\":4.091888427734375,\"y\":15.73304557800293,\"z\":-5.2672200202941898},\"leftShoulderPosition\":{\"x\":-2.731825590133667,\"y\":18.105724334716798,\"z\":-5.20490026473999},\"spinePosition\":{\"x\":-1.631090760231018,\"y\":10.765780448913575,\"z\":-4.827757358551025}}"}