{"id":0,"type":2,"group":25,"configuration":"{\"rightShoulderPosition\":{\"x\":2.4936859607696535,\"y\":18.105724334716798,\"z\":-5.184295654296875},\"leftShoulderPosition\":{\"x\":-2.731825590133667,\"y\":18.105724334716798,\"z\":-5.20490026473999},\"spinePosition\":{\"x\":-0.11906982213258743,\"y\":13.057313919067383,\"z\":-4.906377792358398}}"}