{"id":0,"type":2,"group":25,"configuration":"{\"rightShoulderPosition\":{\"x\":5.742574691772461,\"y\":14.611329078674317,\"z\":-5.20023250579834},\"leftShoulderPosition\":{\"x\":-2.731825590133667,\"y\":18.105724334716798,\"z\":-5.20490026473999},\"spinePosition\":{\"x\":-3.1849567890167238,\"y\":13.957459449768067,\"z\":-4.891286849975586}}"}