{"id":1,"type":2,"group":25,"configuration":"{\"rightShoulderPosition\":{\"x\":1.6295140981674195,\"y\":16.912353515625,\"z\":-5.184295654296875},\"leftShoulderPosition\":{\"x\":-2.896483898162842,\"y\":13.330482482910157,\"z\":-5.20490026473999},\"spinePosition\":{\"x\":2.29520583152771,\"y\":10.683958053588868,\"z\":-4.906377792358398}}"}