{"id":7,"type":2,"group":25,"configuration":"{\"rightShoulderPosition\":{\"x\":2.987339496612549,\"y\":16.50447654724121,\"z\":-5.184295654296875},\"leftShoulderPosition\":{\"x\":-2.491764545440674,\"y\":14.951155662536621,\"z\":-5.20490026473999},\"spinePosition\":{\"x\":1.4359095096588135,\"y\":11.297703742980957,\"z\":-4.906377792358398}}"}