{"id":0,"type":3,"group":10,"configuration":"{\"type\":1,\"configurations\":[\"{\\\"handPosition\\\":{\\\"x\\\":4.58367395401001,\\\"y\\\":14.944962501525879,\\\"z\\\":-4.133393287658691},\\\"handRotation\\\":{\\\"x\\\":334.8843688964844,\\\"y\\\":274.7630310058594,\\\"z\\\":255.3810577392578}}\",\"{\\\"handPosition\\\":{\\\"x\\\":4.382559299468994,\\\"y\\\":16.151884078979493,\\\"z\\\":-4.130711078643799},\\\"handRotation\\\":{\\\"x\\\":334.8843994140625,\\\"y\\\":274.7630615234375,\\\"z\\\":277.38104248046877}}\",\"{\\\"handPosition\\\":{\\\"x\\\":4.3022637367248539,\\\"y\\\":16.912742614746095,\\\"z\\\":-4.128415107727051},\\\"handRotation\\\":{\\\"x\\\":334.8843688964844,\\\"y\\\":274.7630310058594,\\\"z\\\":295.38104248046877}}\"]}"}