{"id":1,"type":3,"group":10,"configuration":"{\"type\":1,\"configurations\":[\"{\\\"handPosition\\\":{\\\"x\\\":6.570676803588867,\\\"y\\\":13.536828994750977,\\\"z\\\":-4.320764064788818},\\\"handRotation\\\":{\\\"x\\\":24.070476531982423,\\\"y\\\":311.0224609375,\\\"z\\\":215.0047607421875}}\"]}"}