{"id":251,"type":3,"group":10,"configuration":"{\"movementType\":1,\"trajectoryType\":1,\"trajectoryPlane\":0,\"trajectoryDirections\":[0,0,0],\"configurations\":[\"{\\\"handPosition\\\":{\\\"x\\\":6.570676803588867,\\\"y\\\":13.536828994750977,\\\"z\\\":-4.320764064788818},\\\"handRotation\\\":{\\\"x\\\":24.070476531982423,\\\"y\\\":311.0224609375,\\\"z\\\":215.0047607421875}}\",\"{\\\"handPosition\\\":{\\\"x\\\":5.3284125328063969,\\\"y\\\":13.175655364990235,\\\"z\\\":-4.251745223999023},\\\"handRotation\\\":{\\\"x\\\":24.070476531982423,\\\"y\\\":311.0224609375,\\\"z\\\":215.0047607421875}}\",\"{\\\"handPosition\\\":{\\\"x\\\":6.570676803588867,\\\"y\\\":13.536828994750977,\\\"z\\\":-4.320764064788818},\\\"handRotation\\\":{\\\"x\\\":24.070476531982423,\\\"y\\\":311.0224609375,\\\"z\\\":215.0047607421875}}\"]}"}