{"id":252,"type":3,"group":10,"configuration":"{\"movementType\":1,\"trajectoryType\":1,\"trajectoryPlane\":0,\"trajectoryDirections\":[0,0,0,0,0],\"configurations\":[\"{\\\"handPosition\\\":{\\\"x\\\":6.749180793762207,\\\"y\\\":13.177169799804688,\\\"z\\\":-4.217512607574463},\\\"handRotation\\\":{\\\"x\\\":18.98470115661621,\\\"y\\\":305.7479248046875,\\\"z\\\":202.0670166015625}}\",\"{\\\"handPosition\\\":{\\\"x\\\":5.97083854675293,\\\"y\\\":12.848638534545899,\\\"z\\\":-4.196866512298584},\\\"handRotation\\\":{\\\"x\\\":18.98470115661621,\\\"y\\\":305.7479248046875,\\\"z\\\":202.0670166015625}}\",\"{\\\"handPosition\\\":{\\\"x\\\":6.749180793762207,\\\"y\\\":13.177169799804688,\\\"z\\\":-4.217512607574463},\\\"handRotation\\\":{\\\"x\\\":18.98470115661621,\\\"y\\\":305.7479248046875,\\\"z\\\":202.0670166015625}}\",\"{\\\"handPosition\\\":{\\\"x\\\":5.97083854675293,\\\"y\\\":12.848638534545899,\\\"z\\\":-4.196866512298584},\\\"handRotation\\\":{\\\"x\\\":18.98470115661621,\\\"y\\\":305.7479248046875,\\\"z\\\":202.0670166015625}}\",\"{\\\"handPosition\\\":{\\\"x\\\":6.749180793762207,\\\"y\\\":13.177169799804688,\\\"z\\\":-4.217512607574463},\\\"handRotation\\\":{\\\"x\\\":18.98470115661621,\\\"y\\\":305.7479248046875,\\\"z\\\":202.0670166015625}}\"]}"}