{"id":"252TouchMultiple","type":3,"group":10,"configuration":"{\"movementType\":1,\"trajectoryType\":1,\"trajectoryPlane\":0,\"trajectoryDirections\":[0,0,0],\"configurations\":[\"{\\\"handPosition\\\":{\\\"x\\\":6.749180793762207,\\\"y\\\":13.177169799804688,\\\"z\\\":-4.217512607574463},\\\"handRotation\\\":{\\\"x\\\":18.98470115661621,\\\"y\\\":305.7479248046875,\\\"z\\\":202.0670166015625}}\",\"{\\\"handPosition\\\":{\\\"x\\\":5.7635579109191898,\\\"y\\\":12.643280982971192,\\\"z\\\":-4.223798751831055},\\\"handRotation\\\":{\\\"x\\\":18.98470115661621,\\\"y\\\":305.7479248046875,\\\"z\\\":202.0670166015625}}\",\"{\\\"handPosition\\\":{\\\"x\\\":6.749180793762207,\\\"y\\\":13.177169799804688,\\\"z\\\":-4.217512607574463},\\\"handRotation\\\":{\\\"x\\\":18.98470115661621,\\\"y\\\":305.7479248046875,\\\"z\\\":202.0670166015625}}\"]}"}