{"id":700,"type":3,"group":10,"configuration":"{\"movementType\":1,\"trajectoryType\":1,\"trajectoryPlane\":0,\"trajectoryDirections\":[0,0,0],\"configurations\":[\"{\\\"handPosition\\\":{\\\"x\\\":4.20219612121582,\\\"y\\\":13.507126808166504,\\\"z\\\":-3.4629552364349367},\\\"handRotation\\\":{\\\"x\\\":14.145624160766602,\\\"y\\\":278.56396484375,\\\"z\\\":247.0780029296875}}\",\"{\\\"handPosition\\\":{\\\"x\\\":3.661491632461548,\\\"y\\\":15.669310569763184,\\\"z\\\":-2.2586092948913576},\\\"handRotation\\\":{\\\"x\\\":14.145624160766602,\\\"y\\\":278.56396484375,\\\"z\\\":247.0780029296875}}\",\"{\\\"handPosition\\\":{\\\"x\\\":3.1301605701446535,\\\"y\\\":17.2091121673584,\\\"z\\\":0.009050111286342144},\\\"handRotation\\\":{\\\"x\\\":9.605690956115723,\\\"y\\\":270.55535888671877,\\\"z\\\":282.5047607421875}}\"]}"}