{"id":725,"type":3,"group":10,"configuration":"{\"movementType\":1,\"trajectoryType\":1,\"trajectoryPlane\":0,\"trajectoryDirections\":[0,0],\"configurations\":[\"{\\\"handPosition\\\":{\\\"x\\\":8.731801986694336,\\\"y\\\":17.262022018432618,\\\"z\\\":-4.320764064788818},\\\"handRotation\\\":{\\\"x\\\":24.070476531982423,\\\"y\\\":311.0224609375,\\\"z\\\":215.0047607421875}}\",\"{\\\"handPosition\\\":{\\\"x\\\":8.165663719177246,\\\"y\\\":21.669761657714845,\\\"z\\\":-4.320764064788818},\\\"handRotation\\\":{\\\"x\\\":24.070476531982423,\\\"y\\\":311.0224609375,\\\"z\\\":215.0047607421875}}\"]}"}