{"cameraMode":{"drawMode":0,"name":"Shaded","section":"Shading Mode"},"sceneLighting":true,"audioPlay":false,"sceneViewState":{"showFog":true,"showMaterialUpdate":false,"showSkybox":true,"showFlares":true,"showImageEffects":true,"showParticleSystems":true},"in2DMode":false,"pivot":{"x":1.144237756729126,"y":12.7906494140625,"z":-4.456605911254883},"rotation":{"x":-0.0060426704585552219,"y":-0.9362224340438843,"z":0.3511267304420471,"w":-0.016536356881260873},"size":20.6617431640625,"orthographic":false}