{"cameraMode":{"drawMode":0,"name":"Shaded","section":"Shading Mode"},"sceneLighting":true,"audioPlay":false,"sceneViewState":{"showFog":true,"showMaterialUpdate":false,"showSkybox":true,"showFlares":true,"showImageEffects":true,"showParticleSystems":true},"in2DMode":false,"pivot":{"x":-76.76568603515625,"y":-56.91010665893555,"z":-106.76146697998047},"rotation":{"x":-0.06496741622686386,"y":0.9324019551277161,"z":-0.2107117772102356,"w":-0.2866484224796295},"size":207.07876586914063,"orthographic":false}