{"cameraMode":{"drawMode":0,"name":"Shaded","section":"Shading Mode"},"sceneLighting":true,"audioPlay":false,"sceneViewState":{"showFog":true,"showMaterialUpdate":false,"showSkybox":true,"showFlares":true,"showImageEffects":true,"showParticleSystems":true},"in2DMode":false,"pivot":{"x":1.144237756729126,"y":12.7906494140625,"z":-4.456605911254883},"rotation":{"x":0.07632090896368027,"y":0.92210853099823,"z":-0.23922893404960633,"w":0.2945897877216339},"size":45.54640197753906,"orthographic":false}