{"cameraMode":{"drawMode":0,"name":"Shaded","section":"Shading Mode"},"sceneLighting":true,"audioPlay":false,"sceneViewState":{"showFog":true,"showMaterialUpdate":false,"showSkybox":true,"showFlares":true,"showImageEffects":true,"showParticleSystems":true},"in2DMode":false,"pivot":{"x":-3.51204776763916,"y":22.7196044921875,"z":-10.532963752746582},"rotation":{"x":-0.13969078660011292,"y":0.7305669784545898,"z":-0.15711647272109986,"w":-0.6497176885604858},"size":66.11956787109375,"orthographic":false}