{"cameraMode":{"drawMode":0,"name":"Shaded","section":"Shading Mode"},"sceneLighting":true,"audioPlay":false,"sceneViewState":{"showFog":true,"showMaterialUpdate":false,"showSkybox":true,"showFlares":true,"showImageEffects":true,"showParticleSystems":true},"in2DMode":false,"pivot":{"x":1.144237756729126,"y":12.7906494140625,"z":-4.456605911254883},"rotation":{"x":-0.00965077057480812,"y":-0.9711866974830627,"z":0.2349027544260025,"w":-0.04046020284295082},"size":20.6617431640625,"orthographic":false}