{"id":0,"type":3,"group":12,"configuration":"{\"movementType\":1,\"trajectoryType\":1,\"trajectoryPlane\":0,\"trajectoryDirections\":[0,0,0],\"configurations\":[\"{\\\"handPosition\\\":{\\\"x\\\":4.850168704986572,\\\"y\\\":14.277458190917969,\\\"z\\\":-2.1628010272979738},\\\"handRotation\\\":{\\\"x\\\":356.1966857910156,\\\"y\\\":302.2331848144531,\\\"z\\\":240.5968017578125}}\",\"{\\\"handPosition\\\":{\\\"x\\\":5.04547119140625,\\\"y\\\":17.109331130981447,\\\"z\\\":-1.3411160707473755},\\\"handRotation\\\":{\\\"x\\\":347.8370056152344,\\\"y\\\":299.5040283203125,\\\"z\\\":289.31414794921877}}\",\"{\\\"handPosition\\\":{\\\"x\\\":5.161860466003418,\\\"y\\\":19.971576690673829,\\\"z\\\":-0.8284071087837219},\\\"handRotation\\\":{\\\"x\\\":347.8370056152344,\\\"y\\\":299.5040283203125,\\\"z\\\":300.31414794921877}}\"]}"}