{"id":0,"type":3,"group":12,"configuration":"{\"type\":1,\"configurations\":[\"{\\\"handPosition\\\":{\\\"x\\\":4.391377925872803,\\\"y\\\":13.129793167114258,\\\"z\\\":-4.320764064788818},\\\"handRotation\\\":{\\\"x\\\":347.17156982421877,\\\"y\\\":287.0327453613281,\\\"z\\\":212.49127197265626}}\",\"{\\\"handPosition\\\":{\\\"x\\\":4.391377925872803,\\\"y\\\":13.770207405090332,\\\"z\\\":-4.320764064788818},\\\"handRotation\\\":{\\\"x\\\":347.1716003417969,\\\"y\\\":287.03277587890627,\\\"z\\\":252.49127197265626}}\",\"{\\\"handPosition\\\":{\\\"x\\\":4.23227071762085,\\\"y\\\":15.329187393188477,\\\"z\\\":-4.30288028717041},\\\"handRotation\\\":{\\\"x\\\":347.17156982421877,\\\"y\\\":287.03277587890627,\\\"z\\\":274.49127197265627}}\",\"{\\\"handPosition\\\":{\\\"x\\\":4.152860641479492,\\\"y\\\":17.207304000854493,\\\"z\\\":-4.293171405792236},\\\"handRotation\\\":{\\\"x\\\":347.1716003417969,\\\"y\\\":287.03277587890627,\\\"z\\\":302.49127197265627}}\"]}"}