{"id":7,"type":3,"group":12,"configuration":"{\"movementType\":1,\"trajectoryType\":1,\"trajectoryPlane\":0,\"trajectoryDirections\":[0,0,0,0],\"configurations\":[\"{\\\"handPosition\\\":{\\\"x\\\":3.7503647804260256,\\\"y\\\":17.360685348510743,\\\"z\\\":-2.090193033218384},\\\"handRotation\\\":{\\\"x\\\":7.145293712615967,\\\"y\\\":299.90765380859377,\\\"z\\\":344.9725341796875}}\",\"{\\\"handPosition\\\":{\\\"x\\\":3.7503647804260256,\\\"y\\\":17.360685348510743,\\\"z\\\":-2.090193033218384},\\\"handRotation\\\":{\\\"x\\\":7.145293235778809,\\\"y\\\":299.90765380859377,\\\"z\\\":313.9725341796875}}\",\"{\\\"handPosition\\\":{\\\"x\\\":3.7503647804260256,\\\"y\\\":17.360685348510743,\\\"z\\\":-2.090193033218384},\\\"handRotation\\\":{\\\"x\\\":7.145291328430176,\\\"y\\\":299.90765380859377,\\\"z\\\":2.9725263118743898}}\",\"{\\\"handPosition\\\":{\\\"x\\\":3.7503647804260256,\\\"y\\\":17.360685348510743,\\\"z\\\":-2.090193033218384},\\\"handRotation\\\":{\\\"x\\\":7.1452836990356449,\\\"y\\\":299.90765380859377,\\\"z\\\":318.9725341796875}}\"]}"}