{"id":8,"type":3,"group":12,"configuration":"{\"movementType\":1,\"trajectoryType\":1,\"trajectoryPlane\":0,\"trajectoryDirections\":[0,0,0,0],\"configurations\":[\"{\\\"handPosition\\\":{\\\"x\\\":4.9631781578063969,\\\"y\\\":20.37347412109375,\\\"z\\\":-1.7175194025039673},\\\"handRotation\\\":{\\\"x\\\":7.1452836990356449,\\\"y\\\":299.90765380859377,\\\"z\\\":318.9725341796875}}\",\"{\\\"handPosition\\\":{\\\"x\\\":5.114805221557617,\\\"y\\\":18.311660766601564,\\\"z\\\":-1.6709195375442505},\\\"handRotation\\\":{\\\"x\\\":7.1452836990356449,\\\"y\\\":299.90765380859377,\\\"z\\\":318.9725341796875}}\",\"{\\\"handPosition\\\":{\\\"x\\\":5.038834095001221,\\\"y\\\":16.368967056274415,\\\"z\\\":-1.6942448616027833},\\\"handRotation\\\":{\\\"x\\\":7.1452836990356449,\\\"y\\\":299.90765380859377,\\\"z\\\":318.9725341796875}}\",\"{\\\"handPosition\\\":{\\\"x\\\":5.0012946128845219,\\\"y\\\":13.88524341583252,\\\"z\\\":-1.7057783603668213},\\\"handRotation\\\":{\\\"x\\\":7.1452836990356449,\\\"y\\\":299.90765380859377,\\\"z\\\":318.9725341796875}}\"]}"}