{"id":"289StraightDown","type":3,"group":12,"configuration":"{\"movementType\":1,\"trajectoryType\":1,\"trajectoryPlane\":0,\"trajectoryDirections\":[0,0],\"configurations\":[\"{\\\"handPosition\\\":{\\\"x\\\":4.6693925857543949,\\\"y\\\":16.73291015625,\\\"z\\\":-0.4685145616531372},\\\"handRotation\\\":{\\\"x\\\":18.98470115661621,\\\"y\\\":305.7479248046875,\\\"z\\\":202.0670166015625}}\",\"{\\\"handPosition\\\":{\\\"x\\\":4.647298336029053,\\\"y\\\":13.775994300842286,\\\"z\\\":-0.6312952637672424},\\\"handRotation\\\":{\\\"x\\\":18.98470115661621,\\\"y\\\":305.7479248046875,\\\"z\\\":202.0670166015625}}\"]}"}