{"id":"289WallDownSingle","type":3,"group":12,"configuration":"{\"movementType\":1,\"trajectoryType\":1,\"trajectoryPlane\":0,\"trajectoryDirections\":[0,0],\"configurations\":[\"{\\\"handPosition\\\":{\\\"x\\\":2.298051357269287,\\\"y\\\":16.823347091674806,\\\"z\\\":0.7756258845329285},\\\"handRotation\\\":{\\\"x\\\":18.98470115661621,\\\"y\\\":305.7479248046875,\\\"z\\\":202.0670166015625}}\",\"{\\\"handPosition\\\":{\\\"x\\\":2.456376314163208,\\\"y\\\":14.564586639404297,\\\"z\\\":0.13786955177783967},\\\"handRotation\\\":{\\\"x\\\":18.98470115661621,\\\"y\\\":305.7479248046875,\\\"z\\\":202.0670166015625}}\"]}"}