{"id":"295DownUpWallDouble","type":3,"group":12,"configuration":"{\"movementType\":1,\"trajectoryType\":1,\"trajectoryPlane\":0,\"trajectoryDirections\":[0,0,0,0,0],\"configurations\":[\"{\\\"handPosition\\\":{\\\"x\\\":1.6995184421539307,\\\"y\\\":18.381072998046876,\\\"z\\\":0.10908694565296173},\\\"handRotation\\\":{\\\"x\\\":21.813386917114259,\\\"y\\\":217.5911407470703,\\\"z\\\":293.27569580078127}}\",\"{\\\"handPosition\\\":{\\\"x\\\":1.8636772632598878,\\\"y\\\":16.9847469329834,\\\"z\\\":0.11576451361179352},\\\"handRotation\\\":{\\\"x\\\":21.813386917114259,\\\"y\\\":217.5911407470703,\\\"z\\\":293.27569580078127}}\",\"{\\\"handPosition\\\":{\\\"x\\\":1.8226274251937867,\\\"y\\\":18.2970027923584,\\\"z\\\":0.11454381793737412},\\\"handRotation\\\":{\\\"x\\\":21.813386917114259,\\\"y\\\":217.5911407470703,\\\"z\\\":293.27569580078127}}\",\"{\\\"handPosition\\\":{\\\"x\\\":1.8226274251937867,\\\"y\\\":16.94301414489746,\\\"z\\\":0.11454381793737412},\\\"handRotation\\\":{\\\"x\\\":21.813386917114259,\\\"y\\\":217.5911407470703,\\\"z\\\":293.27569580078127}}\",\"{\\\"handPosition\\\":{\\\"x\\\":1.656982421875,\\\"y\\\":18.257179260253908,\\\"z\\\":0.10997244715690613},\\\"handRotation\\\":{\\\"x\\\":21.813386917114259,\\\"y\\\":217.5911407470703,\\\"z\\\":293.27569580078127}}\"]}"}