{"id":"359LeftWallSingle","type":3,"group":12,"configuration":"{\"movementType\":1,\"trajectoryType\":1,\"trajectoryPlane\":0,\"trajectoryDirections\":[0,0,0,0,0],\"configurations\":[\"{\\\"handPosition\\\":{\\\"x\\\":0.6583259701728821,\\\"y\\\":18.1572322845459,\\\"z\\\":-1.5070539712905884},\\\"handRotation\\\":{\\\"x\\\":19.997173309326173,\\\"y\\\":188.1752166748047,\\\"z\\\":274.599365234375}}\",\"{\\\"handPosition\\\":{\\\"x\\\":0.8226030468940735,\\\"y\\\":18.608938217163087,\\\"z\\\":-1.5077292919158936},\\\"handRotation\\\":{\\\"x\\\":19.997173309326173,\\\"y\\\":188.1752166748047,\\\"z\\\":274.599365234375}}\",\"{\\\"handPosition\\\":{\\\"x\\\":1.1511205434799195,\\\"y\\\":17.992919921875,\\\"z\\\":-1.509682297706604},\\\"handRotation\\\":{\\\"x\\\":19.997173309326173,\\\"y\\\":188.1752166748047,\\\"z\\\":274.599365234375}}\",\"{\\\"handPosition\\\":{\\\"x\\\":1.274032473564148,\\\"y\\\":18.77322006225586,\\\"z\\\":-1.5104130506515504},\\\"handRotation\\\":{\\\"x\\\":19.997173309326173,\\\"y\\\":188.1752166748047,\\\"z\\\":274.599365234375}}\",\"{\\\"handPosition\\\":{\\\"x\\\":1.8900355100631714,\\\"y\\\":18.157344818115236,\\\"z\\\":-1.5140750408172608},\\\"handRotation\\\":{\\\"x\\\":19.997173309326173,\\\"y\\\":188.1752166748047,\\\"z\\\":274.599365234375}}\"]}"}