{"id":"359RightWallSingle","type":3,"group":12,"configuration":"{\"movementType\":1,\"trajectoryType\":1,\"trajectoryPlane\":0,\"trajectoryDirections\":[0,0,0,0,0],\"configurations\":[\"{\\\"handPosition\\\":{\\\"x\\\":2.1769046783447267,\\\"y\\\":17.582929611206056,\\\"z\\\":-1.5157804489135743},\\\"handRotation\\\":{\\\"x\\\":19.997173309326173,\\\"y\\\":188.1752166748047,\\\"z\\\":274.599365234375}}\",\"{\\\"handPosition\\\":{\\\"x\\\":1.7662286758422852,\\\"y\\\":18.650707244873048,\\\"z\\\":-1.5133391618728638},\\\"handRotation\\\":{\\\"x\\\":19.997173309326173,\\\"y\\\":188.1752166748047,\\\"z\\\":274.599365234375}}\",\"{\\\"handPosition\\\":{\\\"x\\\":0.903878390789032,\\\"y\\\":18.07583236694336,\\\"z\\\":-1.5082125663757325},\\\"handRotation\\\":{\\\"x\\\":19.997173309326173,\\\"y\\\":188.1752166748047,\\\"z\\\":274.599365234375}}\",\"{\\\"handPosition\\\":{\\\"x\\\":0.7396177649497986,\\\"y\\\":18.609708786010743,\\\"z\\\":-1.507236123085022},\\\"handRotation\\\":{\\\"x\\\":19.997173309326173,\\\"y\\\":188.1752166748047,\\\"z\\\":274.599365234375}}\",\"{\\\"handPosition\\\":{\\\"x\\\":0.24683837592601777,\\\"y\\\":18.03478240966797,\\\"z\\\":-1.5043065547943116},\\\"handRotation\\\":{\\\"x\\\":19.997173309326173,\\\"y\\\":188.1752166748047,\\\"z\\\":274.599365234375}}\"]}"}