{"id":0,"type":0,"group":0,"configuration":"{\"indexPosition\":{\"x\":-0.9661311507225037,\"y\":4.332765102386475,\"z\":0.23721849918365479},\"middlePosition\":{\"x\":-0.07341408729553223,\"y\":4.450807094573975,\"z\":0.19646704196929933},\"thumbPosition\":{\"x\":-2.0218076705932619,\"y\":2.2942769527435304,\"z\":1.4089680910110474},\"pinkyPosition\":{\"x\":1.190089225769043,\"y\":3.5598106384277345,\"z\":0.23179763555526734},\"ringPosition\":{\"x\":1.190089225769043,\"y\":3.5598106384277345,\"z\":0.23179763555526734}}"}